email,username,first_name,last_name,password
vasan@va.san,vasan,Василий,Путин,secret777megamozg
vasan1@va.san,vasan1,Василий,Путин,secret777megamozg
vasa2n@va.san,vasan2,Василий,Путин,secret777megamozg
vas3an@va.san,vasan3,Василий,Путин,secret777megamozg
va4san@va.san,vasan4,Василий,Путин,secret777megamozg
v5asan@va.san,vasan5,Василий,Путин,secret777megamozg
6vasan@va.san,vasan6,Василий,Путин,secret777megamozg
vasan7@va.san,vasan7,Василий,Путин,secret777megamozg
vasa8n@va.san,vasan8,Василий,Путин,secret777megamozg
vas9an@va.san,vasan9,Василий,Путин,secret777megamozg
va10san@va.san,vasan10,Василий,Путин,secret777megamozg
11vasan@va.san,vasan11,Василий,Путин,secret777megamozg
vasan12@va.san,vasan12,Василий,Путин,secret777megamozg
vas13an@va.san,vasan13,Василий,Путин,secret777megamozg
v14asan@va.san,vasan14,Василий,Путин,secret777megamozg
vasan15@va.san,vasan15,Василий,Путин,secret777megamozg
vas16an@va.san,vasan16,Василий,Путин,secret777megamozg
v17asan@va.san,vasan17,Василий,Путин,secret777megamozg
vasan18@va.san,vasan18,Василий,Путин,secret777megamozg
vasan19@va.san,vasan19,Василий,Путин,secret777megamozg